grid,rows,cols,n_dirty,algorithm,heuristic,status,cost,nodes_expanded,max_frontier,iterations,seconds
g1_tiny,3,3,2,dfs,-,ok,12,16,5,,0.0
g1_tiny,3,3,2,astar,h0,ok,7,21,4,,0.0001
g1_tiny,3,3,2,astar,h1,ok,7,20,5,,0.0001
g1_tiny,3,3,2,astar,h2,ok,7,13,4,,0.0001
g1_tiny,3,3,2,astar,h3,SKIP,,,,,
g1_tiny,3,3,2,idastar,h0,ok,7,95,,8,0.0001
g1_tiny,3,3,2,idastar,h1,ok,7,52,,6,0.0001
g1_tiny,3,3,2,idastar,h2,ok,7,27,,4,0.0001
g1_tiny,3,3,2,idastar,h3,SKIP,,,,,
g2_open,4,4,3,dfs,-,ok,36,48,32,,0.0001
g2_open,4,4,3,astar,h0,ok,12,98,17,,0.0002
g2_open,4,4,3,astar,h1,ok,12,96,18,,0.0002
g2_open,4,4,3,astar,h2,ok,12,76,21,,0.0002
g2_open,4,4,3,astar,h3,SKIP,,,,,
g2_open,4,4,3,idastar,h0,ok,12,15586,,13,0.0289
g2_open,4,4,3,idastar,h1,ok,12,3821,,10,0.0072
g2_open,4,4,3,idastar,h2,ok,12,616,,4,0.0016
g2_open,4,4,3,idastar,h3,SKIP,,,,,
g3_blocks,4,4,5,dfs,-,ok,43,69,34,,0.0001
g3_blocks,4,4,5,astar,h0,ok,15,411,61,,0.001
g3_blocks,4,4,5,astar,h1,ok,15,331,71,,0.0008
g3_blocks,4,4,5,astar,h2,ok,15,256,87,,0.0008
g3_blocks,4,4,5,astar,h3,SKIP,,,,,
g3_blocks,4,4,5,idastar,h0,ok,15,29281,,16,0.0551
g3_blocks,4,4,5,idastar,h1,ok,15,4463,,11,0.0083
g3_blocks,4,4,5,idastar,h2,ok,15,2010,,8,0.0056
g3_blocks,4,4,5,idastar,h3,SKIP,,,,,
g4_pillars,5,5,6,dfs,-,ok,80,110,50,,0.0003
g4_pillars,5,5,6,astar,h0,ok,19,1160,161,,0.0026
g4_pillars,5,5,6,astar,h1,ok,19,850,201,,0.0019
g4_pillars,5,5,6,astar,h2,ok,19,510,191,,0.0018
g4_pillars,5,5,6,astar,h3,SKIP,,,,,
g4_pillars,5,5,6,idastar,h0,ok,19,58097,,20,0.1067
g4_pillars,5,5,6,idastar,h1,ok,19,8883,,14,0.0158
g4_pillars,5,5,6,idastar,h2,ok,19,4174,,12,0.0109
g4_pillars,5,5,6,idastar,h3,SKIP,,,,,
g5_rooms,5,5,7,dfs,-,ok,92,136,68,,0.0002
g5_rooms,5,5,7,astar,h0,ok,25,2403,237,,0.0064
g5_rooms,5,5,7,astar,h1,ok,25,2097,274,,0.0064
g5_rooms,5,5,7,astar,h2,ok,25,1651,380,,0.0061
g5_rooms,5,5,7,astar,h3,SKIP,,,,,
g5_rooms,5,5,7,idastar,h0,ok,25,17817953,,26,38.9942
g5_rooms,5,5,7,idastar,h1,ok,25,1802996,,19,3.8046
g5_rooms,5,5,7,idastar,h2,ok,25,731040,,17,2.2225
g5_rooms,5,5,7,idastar,h3,SKIP,,,,,
g6_corridor,6,6,9,dfs,-,ok,121,195,90,,0.0005
g6_corridor,6,6,9,astar,h0,ok,32,10873,940,,0.0278
g6_corridor,6,6,9,astar,h1,ok,32,7665,1066,,0.019
g6_corridor,6,6,9,astar,h2,ok,32,5797,1282,,0.019
g6_corridor,6,6,9,astar,h3,SKIP,,,,,
g6_corridor,6,6,9,idastar,h0,TIMEOUT,,,,,60.0044
g6_corridor,6,6,9,idastar,h1,ok,32,22802235,,24,52.1129
g6_corridor,6,6,9,idastar,h2,ok,32,9126492,,21,30.6362
g6_corridor,6,6,9,idastar,h3,SKIP,,,,,
