grid,algorithm,heuristic,status,cost,nodes_expanded,max_frontier,iterations,seconds
g1_tiny,astar,h0,ok,7.0,21.0,4.0,,0.0001
g1_tiny,astar,h1,ok,7.0,20.0,5.0,,0.0001
g1_tiny,astar,h2,ok,7.0,13.0,4.0,,0.0001
g1_tiny,astar,h3,SKIP,,,,,
g1_tiny,dfs,-,ok,12.0,16.0,5.0,,0.0
g1_tiny,idastar,h0,ok,7.0,95.0,,8.0,0.0001
g1_tiny,idastar,h1,ok,7.0,52.0,,6.0,0.0001
g1_tiny,idastar,h2,ok,7.0,27.0,,4.0,0.0001
g1_tiny,idastar,h3,SKIP,,,,,
g2_open,astar,h0,ok,12.0,98.0,17.0,,0.0002
g2_open,astar,h1,ok,12.0,96.0,18.0,,0.0002
g2_open,astar,h2,ok,12.0,76.0,21.0,,0.0002
g2_open,astar,h3,SKIP,,,,,
g2_open,dfs,-,ok,36.0,48.0,32.0,,0.0001
g2_open,idastar,h0,ok,12.0,15586.0,,13.0,0.0289
g2_open,idastar,h1,ok,12.0,3821.0,,10.0,0.0072
g2_open,idastar,h2,ok,12.0,616.0,,4.0,0.0016
g2_open,idastar,h3,SKIP,,,,,
g3_blocks,astar,h0,ok,15.0,411.0,61.0,,0.001
g3_blocks,astar,h1,ok,15.0,331.0,71.0,,0.0008
g3_blocks,astar,h2,ok,15.0,256.0,87.0,,0.0008
g3_blocks,astar,h3,SKIP,,,,,
g3_blocks,dfs,-,ok,43.0,69.0,34.0,,0.0001
g3_blocks,idastar,h0,ok,15.0,29281.0,,16.0,0.0551
g3_blocks,idastar,h1,ok,15.0,4463.0,,11.0,0.0083
g3_blocks,idastar,h2,ok,15.0,2010.0,,8.0,0.0056
g3_blocks,idastar,h3,SKIP,,,,,
g4_pillars,astar,h0,ok,19.0,1160.0,161.0,,0.0026
g4_pillars,astar,h1,ok,19.0,850.0,201.0,,0.0019
g4_pillars,astar,h2,ok,19.0,510.0,191.0,,0.0018
g4_pillars,astar,h3,SKIP,,,,,
g4_pillars,dfs,-,ok,80.0,110.0,50.0,,0.0003
g4_pillars,idastar,h0,ok,19.0,58097.0,,20.0,0.1067
g4_pillars,idastar,h1,ok,19.0,8883.0,,14.0,0.0158
g4_pillars,idastar,h2,ok,19.0,4174.0,,12.0,0.0109
g4_pillars,idastar,h3,SKIP,,,,,
g5_rooms,astar,h0,ok,25.0,2403.0,237.0,,0.0064
g5_rooms,astar,h1,ok,25.0,2097.0,274.0,,0.0064
g5_rooms,astar,h2,ok,25.0,1651.0,380.0,,0.0061
g5_rooms,astar,h3,SKIP,,,,,
g5_rooms,dfs,-,ok,92.0,136.0,68.0,,0.0002
g5_rooms,idastar,h0,ok,25.0,17817953.0,,26.0,38.9942
g5_rooms,idastar,h1,ok,25.0,1802996.0,,19.0,3.8046
g5_rooms,idastar,h2,ok,25.0,731040.0,,17.0,2.2225
g5_rooms,idastar,h3,SKIP,,,,,
g6_corridor,astar,h0,ok,32.0,10873.0,940.0,,0.0278
g6_corridor,astar,h1,ok,32.0,7665.0,1066.0,,0.019
g6_corridor,astar,h2,ok,32.0,5797.0,1282.0,,0.019
g6_corridor,astar,h3,SKIP,,,,,
g6_corridor,dfs,-,ok,121.0,195.0,90.0,,0.0005
g6_corridor,idastar,h0,TIMEOUT,,,,,60.0044
g6_corridor,idastar,h1,ok,32.0,22802235.0,,24.0,52.1129
g6_corridor,idastar,h2,ok,32.0,9126492.0,,21.0,30.6362
g6_corridor,idastar,h3,SKIP,,,,,
